{"schemaVersion":"1.0","appDefinitionTemplate":{"id":"/providers/Microsoft.PowerApps/apps/","type":"Microsoft.PowerApps/apps","tags":{"primaryDeviceWidth":"640","primaryDeviceHeight":"1136","supportsPortrait":"true","supportsLandscape":"true","primaryFormFactor":"Phone","showStatusBar":"false","publisherVersion":"3.23122.20","minimumRequiredApiVersion":"2.2.0","hasComponent":"true","hasUnlockedComponent":"true","isUnifiedRootApp":"false","offlineLargeFilesSupport":"false","sienaVersion":"20240115T205803Z-3.23122.20.0"},"properties":{"appVersion":"2024-01-15T20:58:03Z","lifeCycleId":"Published","createdByClientVersion":{"major":3,"minor":23122,"build":20,"revision":0,"majorRevision":0,"minorRevision":0},"minClientVersion":{"major":3,"minor":23122,"build":20,"revision":0,"majorRevision":0,"minorRevision":0},"backgroundColor":"RGBA(0,176,240,1)","backgroundImageUri":"/214341536309192245/N200a9010-b7ca-4bc7-bd28-653120a605fd-logoSmallFile","displayName":"Progress Bars - SamTech365","description":"Get more awesome 😍 controls from https://www.samtech365.com","commitMessage":"","appUris":{"documentUri":{"value":"/214341536309192245/N75025a68-bb2e-4fb0-9987-e5a982da6b53-document.msapp"},"imageUris":[],"additionalUris":[{"isSolutionAware":false,"value":"/214341536309192245/N1c96a7ed-739f-4384-9a37-fa145e90cd82-identity.json"}]},"createdTime":"0001-01-01T00:00:00Z","lastModifiedTime":"0001-01-01T00:00:00Z","sharedGroupsCount":0,"sharedUsersCount":0,"connectionReferences":{"e68d1990-9100-4d1f-8f5a-20e8102f4d3b":{"id":"927cb9a0-1874-4789-bebf-89724d7c4374","displayName":"Office 365 Users","iconUri":"https://connectoricons-prod.azureedge.net/releases/v1.0.1664/1.0.1664.3477/office365users/icon.png","dataSources":["Office365Users"],"dependencies":[],"dependents":[],"parameterHints":{},"parameterHintsV2":{},"isOnPremiseConnection":false,"bypassConsent":false,"dataSets":{},"apiTier":"Standard","isCustomApiConnection":false}},"databaseReferences":{},"almMode":"Solution","performanceOptimizationEnabled":true,"canConsumeAppPass":true,"enableModernRuntimeMode":false,"executionRestrictions":{"isTeamsOnly":false,"dataLossPreventionEvaluationResult":{"status":"Compliant","lastEvaluationDate":"2024-01-15T20:52:12.4791354Z","violations":[],"violationsByPolicy":[],"violationErrorMessage":"The app uses the following connectors: shared_logicflows, shared_office365users."},"httpActionRestriction":{"appUsesSharepointHttpAction":false,"enforcementStrategy":"Legacy","evaluationTime":"2024-01-15T20:52:12.4790439Z"}}},"appType":"ClassicCanvasApp","appComponents":[]}}